 STUDY_ID,SAMPLE_ID,F2
nsclc_tcga_broad_2016,TCGA-NJ-A4YQ-01,-1
nsclc_tcga_broad_2016,TCGA-NJ-A4YP-01,0
nsclc_tcga_broad_2016,TCGA-NJ-A4YI-01,0
nsclc_tcga_broad_2016,TCGA-NJ-A4YG-01,0
nsclc_tcga_broad_2016,TCGA-NJ-A4YF-01,0
nsclc_tcga_broad_2016,TCGA-MP-A5C7-01,0
nsclc_tcga_broad_2016,TCGA-MP-A4TK-01,1
nsclc_tcga_broad_2016,TCGA-MP-A4TJ-01,1
nsclc_tcga_broad_2016,TCGA-MP-A4TI-01,0
nsclc_tcga_broad_2016,TCGA-MP-A4TH-01,0
nsclc_tcga_broad_2016,TCGA-MP-A4TF-01,-1
nsclc_tcga_broad_2016,TCGA-MP-A4TE-01,-1
nsclc_tcga_broad_2016,TCGA-MP-A4TD-01,0
nsclc_tcga_broad_2016,TCGA-MP-A4TC-01,-1
nsclc_tcga_broad_2016,TCGA-MP-A4TA-01,1
nsclc_tcga_broad_2016,TCGA-MP-A4T9-01,0
nsclc_tcga_broad_2016,TCGA-MP-A4T8-01,-1
nsclc_tcga_broad_2016,TCGA-MP-A4T7-01,0
nsclc_tcga_broad_2016,TCGA-MP-A4T6-01,1
nsclc_tcga_broad_2016,TCGA-MP-A4T4-01,0
nsclc_tcga_broad_2016,TCGA-MP-A4T2-01,-1
nsclc_tcga_broad_2016,TCGA-MP-A4SW-01,0
nsclc_tcga_broad_2016,TCGA-MN-A4N5-01,0
nsclc_tcga_broad_2016,TCGA-MN-A4N4-01,1
nsclc_tcga_broad_2016,TCGA-MN-A4N1-01,-1
nsclc_tcga_broad_2016,TCGA-L9-A8F4-01,-1
nsclc_tcga_broad_2016,TCGA-L9-A7SV-01,-1
nsclc_tcga_broad_2016,TCGA-L9-A5IP-01,0
nsclc_tcga_broad_2016,TCGA-L9-A50W-01,0
nsclc_tcga_broad_2016,TCGA-L9-A444-01,0
nsclc_tcga_broad_2016,TCGA-L9-A443-01,1
nsclc_tcga_broad_2016,TCGA-L4-A4E5-01,-1
nsclc_tcga_broad_2016,TCGA-J2-A4AG-01,0
nsclc_tcga_broad_2016,TCGA-J2-A4AE-01,0
nsclc_tcga_broad_2016,TCGA-J2-A4AD-01,-1
nsclc_tcga_broad_2016,TCGA-J2-8194-01,0
nsclc_tcga_broad_2016,TCGA-J2-8192-01,0
nsclc_tcga_broad_2016,TCGA-99-AA5R-01,0
nsclc_tcga_broad_2016,TCGA-99-8033-01,-1
nsclc_tcga_broad_2016,TCGA-99-8032-01,1
nsclc_tcga_broad_2016,TCGA-99-8028-01,0
nsclc_tcga_broad_2016,TCGA-99-8025-01,0
nsclc_tcga_broad_2016,TCGA-99-7458-01,0
nsclc_tcga_broad_2016,TCGA-97-A4M7-01,0
nsclc_tcga_broad_2016,TCGA-97-A4M6-01,0
nsclc_tcga_broad_2016,TCGA-97-A4M5-01,0
nsclc_tcga_broad_2016,TCGA-97-A4M3-01,0
nsclc_tcga_broad_2016,TCGA-97-A4M2-01,0
nsclc_tcga_broad_2016,TCGA-97-A4M1-01,0
nsclc_tcga_broad_2016,TCGA-97-A4M0-01,0
nsclc_tcga_broad_2016,TCGA-97-A4LX-01,0
nsclc_tcga_broad_2016,TCGA-97-8552-01,0
nsclc_tcga_broad_2016,TCGA-97-8547-01,0
nsclc_tcga_broad_2016,TCGA-97-8179-01,0
nsclc_tcga_broad_2016,TCGA-97-8177-01,1
nsclc_tcga_broad_2016,TCGA-97-8176-01,0
nsclc_tcga_broad_2016,TCGA-97-8175-01,0
nsclc_tcga_broad_2016,TCGA-97-8174-01,-1
nsclc_tcga_broad_2016,TCGA-97-8172-01,0
nsclc_tcga_broad_2016,TCGA-97-8171-01,0
nsclc_tcga_broad_2016,TCGA-97-7941-01,0
nsclc_tcga_broad_2016,TCGA-97-7938-01,0
nsclc_tcga_broad_2016,TCGA-97-7937-01,1
nsclc_tcga_broad_2016,TCGA-97-7554-01,0
nsclc_tcga_broad_2016,TCGA-97-7553-01,-1
nsclc_tcga_broad_2016,TCGA-97-7552-01,0
nsclc_tcga_broad_2016,TCGA-97-7547-01,0
nsclc_tcga_broad_2016,TCGA-97-7546-01,0
nsclc_tcga_broad_2016,TCGA-95-A4VP-01,0
nsclc_tcga_broad_2016,TCGA-95-A4VN-01,0
nsclc_tcga_broad_2016,TCGA-95-A4VK-01,0
nsclc_tcga_broad_2016,TCGA-95-8494-01,-1
nsclc_tcga_broad_2016,TCGA-95-8039-01,-1
nsclc_tcga_broad_2016,TCGA-95-7948-01,0
nsclc_tcga_broad_2016,TCGA-95-7947-01,0
nsclc_tcga_broad_2016,TCGA-95-7944-01,0
nsclc_tcga_broad_2016,TCGA-95-7567-01,0
nsclc_tcga_broad_2016,TCGA-95-7562-01,1
nsclc_tcga_broad_2016,TCGA-95-7043-01,1
nsclc_tcga_broad_2016,TCGA-95-7039-01,1
nsclc_tcga_broad_2016,TCGA-93-A4JQ-01,0
nsclc_tcga_broad_2016,TCGA-93-A4JP-01,0
nsclc_tcga_broad_2016,TCGA-93-A4JO-01,1
nsclc_tcga_broad_2016,TCGA-93-A4JN-01,0
nsclc_tcga_broad_2016,TCGA-93-8067-01,0
nsclc_tcga_broad_2016,TCGA-93-7348-01,1
nsclc_tcga_broad_2016,TCGA-93-7347-01,0
nsclc_tcga_broad_2016,TCGA-91-A4BD-01,0
nsclc_tcga_broad_2016,TCGA-91-A4BC-01,0
nsclc_tcga_broad_2016,TCGA-91-8499-01,1
nsclc_tcga_broad_2016,TCGA-91-8497-01,0
nsclc_tcga_broad_2016,TCGA-91-8496-01,0
nsclc_tcga_broad_2016,TCGA-91-7771-01,0
nsclc_tcga_broad_2016,TCGA-91-6849-01,0
nsclc_tcga_broad_2016,TCGA-91-6848-01,1
nsclc_tcga_broad_2016,TCGA-91-6847-01,-1
nsclc_tcga_broad_2016,TCGA-91-6840-01,1
nsclc_tcga_broad_2016,TCGA-91-6836-01,0
nsclc_tcga_broad_2016,TCGA-91-6835-01,0
nsclc_tcga_broad_2016,TCGA-91-6831-01,0
nsclc_tcga_broad_2016,TCGA-91-6830-01,0
nsclc_tcga_broad_2016,TCGA-91-6829-01,1
nsclc_tcga_broad_2016,TCGA-91-6828-01,0
nsclc_tcga_broad_2016,TCGA-86-A4P8-01,0
nsclc_tcga_broad_2016,TCGA-86-A4P7-01,2
nsclc_tcga_broad_2016,TCGA-86-A4JF-01,-1
nsclc_tcga_broad_2016,TCGA-86-A456-01,0
nsclc_tcga_broad_2016,TCGA-86-8674-01,0
nsclc_tcga_broad_2016,TCGA-86-8673-01,-1
nsclc_tcga_broad_2016,TCGA-86-8672-01,0
nsclc_tcga_broad_2016,TCGA-86-8671-01,0
nsclc_tcga_broad_2016,TCGA-86-8669-01,-1
nsclc_tcga_broad_2016,TCGA-86-8668-01,0
nsclc_tcga_broad_2016,TCGA-86-8585-01,0
nsclc_tcga_broad_2016,TCGA-86-8359-01,2
nsclc_tcga_broad_2016,TCGA-86-8358-01,1
nsclc_tcga_broad_2016,TCGA-86-8281-01,0
nsclc_tcga_broad_2016,TCGA-86-8280-01,1
nsclc_tcga_broad_2016,TCGA-86-8279-01,1
nsclc_tcga_broad_2016,TCGA-86-8278-01,1
nsclc_tcga_broad_2016,TCGA-86-8076-01,0
nsclc_tcga_broad_2016,TCGA-86-8075-01,0
nsclc_tcga_broad_2016,TCGA-86-8074-01,1
nsclc_tcga_broad_2016,TCGA-86-8073-01,0
nsclc_tcga_broad_2016,TCGA-86-8056-01,0
nsclc_tcga_broad_2016,TCGA-86-8055-01,0
nsclc_tcga_broad_2016,TCGA-86-8054-01,0
nsclc_tcga_broad_2016,TCGA-86-7955-01,1
nsclc_tcga_broad_2016,TCGA-86-7954-01,0
nsclc_tcga_broad_2016,TCGA-86-7953-01,1
nsclc_tcga_broad_2016,TCGA-86-7714-01,0
nsclc_tcga_broad_2016,TCGA-86-7713-01,-1
nsclc_tcga_broad_2016,TCGA-86-7711-01,-1
nsclc_tcga_broad_2016,TCGA-86-7701-01,-1
nsclc_tcga_broad_2016,TCGA-86-6851-01,1
nsclc_tcga_broad_2016,TCGA-86-6562-01,0
nsclc_tcga_broad_2016,TCGA-83-5908-01,0
nsclc_tcga_broad_2016,TCGA-80-5611-01,0
nsclc_tcga_broad_2016,TCGA-80-5608-01,1
nsclc_tcga_broad_2016,TCGA-80-5607-01,0
nsclc_tcga_broad_2016,TCGA-78-8662-01,0
nsclc_tcga_broad_2016,TCGA-78-8660-01,0
nsclc_tcga_broad_2016,TCGA-78-8655-01,1
nsclc_tcga_broad_2016,TCGA-78-8648-01,0
nsclc_tcga_broad_2016,TCGA-78-8640-01,-1
nsclc_tcga_broad_2016,TCGA-78-7633-01,0
nsclc_tcga_broad_2016,TCGA-78-7542-01,1
nsclc_tcga_broad_2016,TCGA-78-7540-01,0
nsclc_tcga_broad_2016,TCGA-78-7539-01,0
nsclc_tcga_broad_2016,TCGA-78-7537-01,0
nsclc_tcga_broad_2016,TCGA-78-7536-01,0
nsclc_tcga_broad_2016,TCGA-78-7535-01,1
nsclc_tcga_broad_2016,TCGA-78-7220-01,0
nsclc_tcga_broad_2016,TCGA-78-7167-01,1
nsclc_tcga_broad_2016,TCGA-78-7166-01,0
nsclc_tcga_broad_2016,TCGA-78-7163-01,1
nsclc_tcga_broad_2016,TCGA-78-7162-01,0
nsclc_tcga_broad_2016,TCGA-78-7161-01,0
nsclc_tcga_broad_2016,TCGA-78-7160-01,-1
nsclc_tcga_broad_2016,TCGA-78-7159-01,0
nsclc_tcga_broad_2016,TCGA-78-7158-01,0
nsclc_tcga_broad_2016,TCGA-78-7156-01,0
nsclc_tcga_broad_2016,TCGA-78-7155-01,0
nsclc_tcga_broad_2016,TCGA-78-7154-01,1
nsclc_tcga_broad_2016,TCGA-78-7153-01,0
nsclc_tcga_broad_2016,TCGA-78-7152-01,0
nsclc_tcga_broad_2016,TCGA-78-7150-01,0
nsclc_tcga_broad_2016,TCGA-78-7149-01,0
nsclc_tcga_broad_2016,TCGA-78-7148-01,0
nsclc_tcga_broad_2016,TCGA-78-7147-01,1
nsclc_tcga_broad_2016,TCGA-78-7146-01,0
nsclc_tcga_broad_2016,TCGA-78-7145-01,-1
nsclc_tcga_broad_2016,TCGA-75-7031-01,0
nsclc_tcga_broad_2016,TCGA-75-7030-01,0
nsclc_tcga_broad_2016,TCGA-75-7027-01,0
nsclc_tcga_broad_2016,TCGA-75-7025-01,-1
nsclc_tcga_broad_2016,TCGA-75-6214-01,1
nsclc_tcga_broad_2016,TCGA-75-6212-01,0
nsclc_tcga_broad_2016,TCGA-75-6211-01,0
nsclc_tcga_broad_2016,TCGA-75-6207-01,0
nsclc_tcga_broad_2016,TCGA-75-6206-01,1
nsclc_tcga_broad_2016,TCGA-75-6205-01,0
nsclc_tcga_broad_2016,TCGA-75-6203-01,1
nsclc_tcga_broad_2016,TCGA-75-5147-01,0
nsclc_tcga_broad_2016,TCGA-75-5146-01,0
nsclc_tcga_broad_2016,TCGA-75-5126-01,0
nsclc_tcga_broad_2016,TCGA-75-5125-01,-1
nsclc_tcga_broad_2016,TCGA-75-5122-01,0
nsclc_tcga_broad_2016,TCGA-73-A9RS-01,-1
nsclc_tcga_broad_2016,TCGA-73-7499-01,-1
nsclc_tcga_broad_2016,TCGA-73-7498-01,0
nsclc_tcga_broad_2016,TCGA-73-4677-01,0
nsclc_tcga_broad_2016,TCGA-73-4676-01,0
nsclc_tcga_broad_2016,TCGA-73-4675-01,-1
nsclc_tcga_broad_2016,TCGA-73-4670-01,-1
nsclc_tcga_broad_2016,TCGA-73-4668-01,1
nsclc_tcga_broad_2016,TCGA-73-4666-01,-1
nsclc_tcga_broad_2016,TCGA-73-4662-01,1
nsclc_tcga_broad_2016,TCGA-73-4659-01,-1
nsclc_tcga_broad_2016,TCGA-71-6725-01,1
nsclc_tcga_broad_2016,TCGA-69-A59K-01,-1
nsclc_tcga_broad_2016,TCGA-69-8255-01,0
nsclc_tcga_broad_2016,TCGA-69-8254-01,0
nsclc_tcga_broad_2016,TCGA-69-8253-01,0
nsclc_tcga_broad_2016,TCGA-69-7980-01,0
nsclc_tcga_broad_2016,TCGA-69-7979-01,1
nsclc_tcga_broad_2016,TCGA-69-7978-01,0
nsclc_tcga_broad_2016,TCGA-69-7974-01,1
nsclc_tcga_broad_2016,TCGA-69-7973-01,1
nsclc_tcga_broad_2016,TCGA-69-7765-01,0
nsclc_tcga_broad_2016,TCGA-69-7764-01,1
nsclc_tcga_broad_2016,TCGA-69-7763-01,-1
nsclc_tcga_broad_2016,TCGA-69-7761-01,0
nsclc_tcga_broad_2016,TCGA-69-7760-01,0
nsclc_tcga_broad_2016,TCGA-67-6217-01,0
nsclc_tcga_broad_2016,TCGA-67-6216-01,0
nsclc_tcga_broad_2016,TCGA-67-6215-01,1
nsclc_tcga_broad_2016,TCGA-67-4679-01,0
nsclc_tcga_broad_2016,TCGA-67-3774-01,0
nsclc_tcga_broad_2016,TCGA-67-3773-01,0
nsclc_tcga_broad_2016,TCGA-67-3772-01,0
nsclc_tcga_broad_2016,TCGA-67-3771-01,1
nsclc_tcga_broad_2016,TCGA-67-3770-01,1
nsclc_tcga_broad_2016,TCGA-64-5815-01,0
nsclc_tcga_broad_2016,TCGA-64-5781-01,0
nsclc_tcga_broad_2016,TCGA-64-5779-01,1
nsclc_tcga_broad_2016,TCGA-64-5778-01,-1
nsclc_tcga_broad_2016,TCGA-64-5775-01,1
nsclc_tcga_broad_2016,TCGA-64-5774-01,-2
nsclc_tcga_broad_2016,TCGA-64-1681-01,1
nsclc_tcga_broad_2016,TCGA-64-1680-01,0
nsclc_tcga_broad_2016,TCGA-64-1679-01,-1
nsclc_tcga_broad_2016,TCGA-64-1678-01,0
nsclc_tcga_broad_2016,TCGA-64-1677-01,1
nsclc_tcga_broad_2016,TCGA-64-1676-01,-1
nsclc_tcga_broad_2016,TCGA-62-A472-01,-1
nsclc_tcga_broad_2016,TCGA-62-A471-01,-1
nsclc_tcga_broad_2016,TCGA-62-A470-01,1
nsclc_tcga_broad_2016,TCGA-62-A46Y-01,0
nsclc_tcga_broad_2016,TCGA-62-A46V-01,0
nsclc_tcga_broad_2016,TCGA-62-A46U-01,0
nsclc_tcga_broad_2016,TCGA-62-A46S-01,-1
nsclc_tcga_broad_2016,TCGA-62-A46R-01,0
nsclc_tcga_broad_2016,TCGA-62-A46P-01,0
nsclc_tcga_broad_2016,TCGA-62-A46O-01,-1
nsclc_tcga_broad_2016,TCGA-62-8402-01,1
nsclc_tcga_broad_2016,TCGA-62-8399-01,1
nsclc_tcga_broad_2016,TCGA-62-8397-01,-1
nsclc_tcga_broad_2016,TCGA-62-8395-01,0
nsclc_tcga_broad_2016,TCGA-62-8394-01,0
nsclc_tcga_broad_2016,TCGA-55-A57B-01,1
nsclc_tcga_broad_2016,TCGA-55-A4DG-01,-1
nsclc_tcga_broad_2016,TCGA-55-A4DF-01,1
nsclc_tcga_broad_2016,TCGA-55-A494-01,1
nsclc_tcga_broad_2016,TCGA-55-A493-01,0
nsclc_tcga_broad_2016,TCGA-55-A492-01,-1
nsclc_tcga_broad_2016,TCGA-55-A491-01,0
nsclc_tcga_broad_2016,TCGA-55-A490-01,0
nsclc_tcga_broad_2016,TCGA-55-A48Z-01,0
nsclc_tcga_broad_2016,TCGA-55-A48Y-01,0
nsclc_tcga_broad_2016,TCGA-55-A48X-01,0
nsclc_tcga_broad_2016,TCGA-55-8621-01,0
nsclc_tcga_broad_2016,TCGA-55-8620-01,1
nsclc_tcga_broad_2016,TCGA-55-8619-01,0
nsclc_tcga_broad_2016,TCGA-55-8616-01,1
nsclc_tcga_broad_2016,TCGA-55-8615-01,-1
nsclc_tcga_broad_2016,TCGA-55-8614-01,0
nsclc_tcga_broad_2016,TCGA-55-8514-01,1
nsclc_tcga_broad_2016,TCGA-55-8513-01,0
nsclc_tcga_broad_2016,TCGA-55-8512-01,0
nsclc_tcga_broad_2016,TCGA-55-8511-01,-1
nsclc_tcga_broad_2016,TCGA-55-8510-01,-1
nsclc_tcga_broad_2016,TCGA-55-8508-01,0
nsclc_tcga_broad_2016,TCGA-55-8507-01,-1
nsclc_tcga_broad_2016,TCGA-55-8506-01,0
nsclc_tcga_broad_2016,TCGA-55-8505-01,0
nsclc_tcga_broad_2016,TCGA-55-8301-01,0
nsclc_tcga_broad_2016,TCGA-55-8299-01,0
nsclc_tcga_broad_2016,TCGA-55-8208-01,0
nsclc_tcga_broad_2016,TCGA-55-8207-01,0
nsclc_tcga_broad_2016,TCGA-55-8206-01,0
nsclc_tcga_broad_2016,TCGA-55-8205-01,1
nsclc_tcga_broad_2016,TCGA-55-8204-01,0
nsclc_tcga_broad_2016,TCGA-55-8203-01,1
nsclc_tcga_broad_2016,TCGA-55-8097-01,0
nsclc_tcga_broad_2016,TCGA-55-8096-01,1
nsclc_tcga_broad_2016,TCGA-55-8094-01,1
nsclc_tcga_broad_2016,TCGA-55-8092-01,1
nsclc_tcga_broad_2016,TCGA-55-8091-01,0
nsclc_tcga_broad_2016,TCGA-55-8090-01,0
nsclc_tcga_broad_2016,TCGA-55-8089-01,-1
nsclc_tcga_broad_2016,TCGA-55-8087-01,0
nsclc_tcga_broad_2016,TCGA-55-8085-01,0
nsclc_tcga_broad_2016,TCGA-55-7995-01,1
nsclc_tcga_broad_2016,TCGA-55-7994-01,-1
nsclc_tcga_broad_2016,TCGA-55-7914-01,0
nsclc_tcga_broad_2016,TCGA-55-7913-01,0
nsclc_tcga_broad_2016,TCGA-55-7911-01,0
nsclc_tcga_broad_2016,TCGA-55-7910-01,0
nsclc_tcga_broad_2016,TCGA-55-7907-01,0
nsclc_tcga_broad_2016,TCGA-55-7903-01,-1
nsclc_tcga_broad_2016,TCGA-55-7815-01,-1
nsclc_tcga_broad_2016,TCGA-55-7728-01,0
nsclc_tcga_broad_2016,TCGA-55-7727-01,-1
nsclc_tcga_broad_2016,TCGA-55-7726-01,0
nsclc_tcga_broad_2016,TCGA-55-7725-01,0
nsclc_tcga_broad_2016,TCGA-55-7724-01,0
nsclc_tcga_broad_2016,TCGA-55-7576-01,-1
nsclc_tcga_broad_2016,TCGA-55-7574-01,0
nsclc_tcga_broad_2016,TCGA-55-7573-01,0
nsclc_tcga_broad_2016,TCGA-55-7570-01,-1
nsclc_tcga_broad_2016,TCGA-55-7284-01,0
nsclc_tcga_broad_2016,TCGA-55-7283-01,0
nsclc_tcga_broad_2016,TCGA-55-7281-01,0
nsclc_tcga_broad_2016,TCGA-55-7227-01,0
nsclc_tcga_broad_2016,TCGA-55-6987-01,0
nsclc_tcga_broad_2016,TCGA-55-6986-01,0
nsclc_tcga_broad_2016,TCGA-55-6985-01,0
nsclc_tcga_broad_2016,TCGA-55-6984-01,0
nsclc_tcga_broad_2016,TCGA-55-6983-01,0
nsclc_tcga_broad_2016,TCGA-55-6982-01,0
nsclc_tcga_broad_2016,TCGA-55-6981-01,1
nsclc_tcga_broad_2016,TCGA-55-6980-01,0
nsclc_tcga_broad_2016,TCGA-55-6979-01,1
nsclc_tcga_broad_2016,TCGA-55-6978-01,0
nsclc_tcga_broad_2016,TCGA-55-6975-01,0
nsclc_tcga_broad_2016,TCGA-55-6972-01,-1
nsclc_tcga_broad_2016,TCGA-55-6971-01,1
nsclc_tcga_broad_2016,TCGA-55-6970-01,0
nsclc_tcga_broad_2016,TCGA-55-6969-01,0
nsclc_tcga_broad_2016,TCGA-55-6968-01,2
nsclc_tcga_broad_2016,TCGA-55-6712-01,1
nsclc_tcga_broad_2016,TCGA-55-6642-01,1
nsclc_tcga_broad_2016,TCGA-55-6543-01,1
nsclc_tcga_broad_2016,TCGA-55-5899-01,-1
nsclc_tcga_broad_2016,TCGA-55-1596-01,-1
nsclc_tcga_broad_2016,TCGA-55-1595-01,-1
nsclc_tcga_broad_2016,TCGA-55-1594-01,1
nsclc_tcga_broad_2016,TCGA-55-1592-01,1
nsclc_tcga_broad_2016,TCGA-53-A4EZ-01,-1
nsclc_tcga_broad_2016,TCGA-53-7813-01,1
nsclc_tcga_broad_2016,TCGA-53-7626-01,-1
nsclc_tcga_broad_2016,TCGA-53-7624-01,-1
nsclc_tcga_broad_2016,TCGA-50-8460-01,0
nsclc_tcga_broad_2016,TCGA-50-8459-01,0
nsclc_tcga_broad_2016,TCGA-50-8457-01,0
nsclc_tcga_broad_2016,TCGA-50-7109-01,0
nsclc_tcga_broad_2016,TCGA-50-6673-01,-1
nsclc_tcga_broad_2016,TCGA-50-6597-01,1
nsclc_tcga_broad_2016,TCGA-50-6595-01,0
nsclc_tcga_broad_2016,TCGA-50-6594-01,-1
nsclc_tcga_broad_2016,TCGA-50-6593-01,-1
nsclc_tcga_broad_2016,TCGA-50-6592-01,-1
nsclc_tcga_broad_2016,TCGA-50-6591-01,0
nsclc_tcga_broad_2016,TCGA-50-6590-01,0
nsclc_tcga_broad_2016,TCGA-50-5946-01,0
nsclc_tcga_broad_2016,TCGA-50-5944-01,0
nsclc_tcga_broad_2016,TCGA-50-5942-01,0
nsclc_tcga_broad_2016,TCGA-50-5941-01,1
nsclc_tcga_broad_2016,TCGA-50-5939-01,-1
nsclc_tcga_broad_2016,TCGA-50-5936-01,-1
nsclc_tcga_broad_2016,TCGA-50-5935-01,0
nsclc_tcga_broad_2016,TCGA-50-5933-01,-1
nsclc_tcga_broad_2016,TCGA-50-5932-01,0
nsclc_tcga_broad_2016,TCGA-50-5931-01,-1
nsclc_tcga_broad_2016,TCGA-50-5930-01,0
nsclc_tcga_broad_2016,TCGA-50-5072-01,-1
nsclc_tcga_broad_2016,TCGA-50-5068-01,0
nsclc_tcga_broad_2016,TCGA-50-5066-01,0
nsclc_tcga_broad_2016,TCGA-50-5055-01,0
nsclc_tcga_broad_2016,TCGA-50-5051-01,0
nsclc_tcga_broad_2016,TCGA-50-5049-01,0
nsclc_tcga_broad_2016,TCGA-50-5045-01,0
nsclc_tcga_broad_2016,TCGA-50-5044-01,0
nsclc_tcga_broad_2016,TCGA-4B-A93V-01,0
nsclc_tcga_broad_2016,TCGA-49-AARR-01,0
nsclc_tcga_broad_2016,TCGA-49-AARQ-01,0
nsclc_tcga_broad_2016,TCGA-49-AARO-01,0
nsclc_tcga_broad_2016,TCGA-49-AARN-01,0
nsclc_tcga_broad_2016,TCGA-49-AARE-01,0
nsclc_tcga_broad_2016,TCGA-49-AAR9-01,0
nsclc_tcga_broad_2016,TCGA-49-AAR4-01,0
nsclc_tcga_broad_2016,TCGA-49-AAR3-01,-1
nsclc_tcga_broad_2016,TCGA-49-AAQV-01,-1
nsclc_tcga_broad_2016,TCGA-49-6767-01,-1
nsclc_tcga_broad_2016,TCGA-49-6761-01,0
nsclc_tcga_broad_2016,TCGA-49-6745-01,0
nsclc_tcga_broad_2016,TCGA-49-6744-01,0
nsclc_tcga_broad_2016,TCGA-49-6743-01,1
nsclc_tcga_broad_2016,TCGA-49-6742-01,0
nsclc_tcga_broad_2016,TCGA-49-4514-01,0
nsclc_tcga_broad_2016,TCGA-49-4512-01,1
nsclc_tcga_broad_2016,TCGA-49-4510-01,-1
nsclc_tcga_broad_2016,TCGA-49-4507-01,0
nsclc_tcga_broad_2016,TCGA-49-4506-01,-1
nsclc_tcga_broad_2016,TCGA-49-4505-01,-1
nsclc_tcga_broad_2016,TCGA-49-4501-01,0
nsclc_tcga_broad_2016,TCGA-49-4494-01,0
nsclc_tcga_broad_2016,TCGA-49-4490-01,0
nsclc_tcga_broad_2016,TCGA-49-4488-01,0
nsclc_tcga_broad_2016,TCGA-49-4487-01,-1
nsclc_tcga_broad_2016,TCGA-49-4486-01,0
nsclc_tcga_broad_2016,TCGA-44-A4SU-01,0
nsclc_tcga_broad_2016,TCGA-44-A4SS-01,-1
nsclc_tcga_broad_2016,TCGA-44-A47G-01,0
nsclc_tcga_broad_2016,TCGA-44-A47F-01,-1
nsclc_tcga_broad_2016,TCGA-44-A47B-01,1
nsclc_tcga_broad_2016,TCGA-44-A47A-01,1
nsclc_tcga_broad_2016,TCGA-44-8120-01,0
nsclc_tcga_broad_2016,TCGA-44-8119-01,-1
nsclc_tcga_broad_2016,TCGA-44-8117-01,-1
nsclc_tcga_broad_2016,TCGA-44-7672-01,0
nsclc_tcga_broad_2016,TCGA-44-7671-01,-1
nsclc_tcga_broad_2016,TCGA-44-7670-01,0
nsclc_tcga_broad_2016,TCGA-44-7669-01,1
nsclc_tcga_broad_2016,TCGA-44-7667-01,-1
nsclc_tcga_broad_2016,TCGA-44-7662-01,1
nsclc_tcga_broad_2016,TCGA-44-7661-01,1
nsclc_tcga_broad_2016,TCGA-44-7660-01,0
nsclc_tcga_broad_2016,TCGA-44-7659-01,0
nsclc_tcga_broad_2016,TCGA-44-6779-01,1
nsclc_tcga_broad_2016,TCGA-44-6778-01,1
nsclc_tcga_broad_2016,TCGA-44-6777-01,0
nsclc_tcga_broad_2016,TCGA-44-6776-01,0
nsclc_tcga_broad_2016,TCGA-44-6775-01,1
nsclc_tcga_broad_2016,TCGA-44-6774-01,0
nsclc_tcga_broad_2016,TCGA-44-6148-01,0
nsclc_tcga_broad_2016,TCGA-44-6147-01,0
nsclc_tcga_broad_2016,TCGA-44-6146-01,0
nsclc_tcga_broad_2016,TCGA-44-6145-01,0
nsclc_tcga_broad_2016,TCGA-44-6144-01,0
nsclc_tcga_broad_2016,TCGA-44-5645-01,2
nsclc_tcga_broad_2016,TCGA-44-5644-01,0
nsclc_tcga_broad_2016,TCGA-44-5643-01,0
nsclc_tcga_broad_2016,TCGA-44-4112-01,0
nsclc_tcga_broad_2016,TCGA-44-3919-01,0
nsclc_tcga_broad_2016,TCGA-44-3918-01,1
nsclc_tcga_broad_2016,TCGA-44-3398-01,0
nsclc_tcga_broad_2016,TCGA-44-3396-01,0
nsclc_tcga_broad_2016,TCGA-44-2668-01,0
nsclc_tcga_broad_2016,TCGA-44-2666-01,0
nsclc_tcga_broad_2016,TCGA-44-2665-01,0
nsclc_tcga_broad_2016,TCGA-44-2662-01,-1
nsclc_tcga_broad_2016,TCGA-44-2661-01,0
nsclc_tcga_broad_2016,TCGA-44-2659-01,1
nsclc_tcga_broad_2016,TCGA-44-2657-01,0
nsclc_tcga_broad_2016,TCGA-44-2656-01,0
nsclc_tcga_broad_2016,TCGA-44-2655-01,0
nsclc_tcga_broad_2016,TCGA-38-A44F-01,0
nsclc_tcga_broad_2016,TCGA-38-7271-01,0
nsclc_tcga_broad_2016,TCGA-38-6178-01,0
nsclc_tcga_broad_2016,TCGA-38-4632-01,-1
nsclc_tcga_broad_2016,TCGA-38-4631-01,1
nsclc_tcga_broad_2016,TCGA-38-4630-01,0
nsclc_tcga_broad_2016,TCGA-38-4629-01,0
nsclc_tcga_broad_2016,TCGA-38-4628-01,1
nsclc_tcga_broad_2016,TCGA-38-4627-01,0
nsclc_tcga_broad_2016,TCGA-38-4626-01,0
nsclc_tcga_broad_2016,TCGA-38-4625-01,0
nsclc_tcga_broad_2016,TCGA-35-5375-01,1
nsclc_tcga_broad_2016,TCGA-35-4123-01,0
nsclc_tcga_broad_2016,TCGA-35-4122-01,0
nsclc_tcga_broad_2016,TCGA-35-3615-01,0
nsclc_tcga_broad_2016,TCGA-05-5715-01,0
nsclc_tcga_broad_2016,TCGA-05-5429-01,1
nsclc_tcga_broad_2016,TCGA-05-5428-01,-1
nsclc_tcga_broad_2016,TCGA-05-5423-01,1
nsclc_tcga_broad_2016,TCGA-05-5420-01,1
nsclc_tcga_broad_2016,TCGA-05-4434-01,-1
nsclc_tcga_broad_2016,TCGA-05-4433-01,0
nsclc_tcga_broad_2016,TCGA-05-4432-01,1
nsclc_tcga_broad_2016,TCGA-05-4430-01,0
nsclc_tcga_broad_2016,TCGA-05-4427-01,-1
nsclc_tcga_broad_2016,TCGA-05-4426-01,0
nsclc_tcga_broad_2016,TCGA-05-4424-01,0
nsclc_tcga_broad_2016,TCGA-05-4422-01,0
nsclc_tcga_broad_2016,TCGA-05-4420-01,1
nsclc_tcga_broad_2016,TCGA-05-4418-01,0
nsclc_tcga_broad_2016,TCGA-05-4417-01,1
nsclc_tcga_broad_2016,TCGA-05-4415-01,1
nsclc_tcga_broad_2016,TCGA-05-4410-01,-1
nsclc_tcga_broad_2016,TCGA-05-4405-01,0
nsclc_tcga_broad_2016,TCGA-05-4403-01,0
nsclc_tcga_broad_2016,TCGA-05-4402-01,1
nsclc_tcga_broad_2016,TCGA-05-4398-01,0
nsclc_tcga_broad_2016,TCGA-05-4397-01,0
nsclc_tcga_broad_2016,TCGA-05-4396-01,0
nsclc_tcga_broad_2016,TCGA-05-4395-01,0
nsclc_tcga_broad_2016,TCGA-05-4390-01,-1
nsclc_tcga_broad_2016,TCGA-05-4389-01,1
nsclc_tcga_broad_2016,TCGA-05-4384-01,0
nsclc_tcga_broad_2016,TCGA-05-4382-01,-1
nsclc_tcga_broad_2016,TCGA-05-4250-01,0
nsclc_tcga_broad_2016,TCGA-05-4249-01,0
nsclc_tcga_broad_2016,TCGA-05-4244-01,1
nsclc_tcga_broad_2016,LUAD_E01419-Tumor,-1
nsclc_tcga_broad_2016,LUAD_E01319-Tumor,0
nsclc_tcga_broad_2016,LUAD_E01166-Tumor,-1
nsclc_tcga_broad_2016,LUAD_E01147-Tumor,0
nsclc_tcga_broad_2016,LUAD_E01086-Tumor,0
nsclc_tcga_broad_2016,LUAD_E01047-Tumor,-1
nsclc_tcga_broad_2016,LUAD_E00945-Tumor,0
nsclc_tcga_broad_2016,LUAD_E00703-Tumor,0
nsclc_tcga_broad_2016,LUAD_E00623-Tumor,-1
nsclc_tcga_broad_2016,LUAD_E00565-Tumor,1
nsclc_tcga_broad_2016,LUAD_E00522-Tumor,1
nsclc_tcga_broad_2016,LUAD-YKER9-Tumor,0
nsclc_tcga_broad_2016,LUAD-YINHD-Tumor,0
nsclc_tcga_broad_2016,LUAD-VUMN6-Tumor,0
nsclc_tcga_broad_2016,LUAD-UF7HM-Tumor,0
nsclc_tcga_broad_2016,LUAD-U6SJ7-Tumor,0
nsclc_tcga_broad_2016,LUAD-TLLGS-Tumor,-1
nsclc_tcga_broad_2016,LUAD-TJW61-Tumor,-1
nsclc_tcga_broad_2016,LUAD-S01482-Tumor,0
nsclc_tcga_broad_2016,LUAD-S01478-Tumor,-1
nsclc_tcga_broad_2016,LUAD-S01474-Tumor,0
nsclc_tcga_broad_2016,LUAD-S01473-Tumor,1
nsclc_tcga_broad_2016,LUAD-S01468-Tumor,0
nsclc_tcga_broad_2016,LUAD-S01467-Tumor,1
nsclc_tcga_broad_2016,LUAD-S01413-Tumor,1
nsclc_tcga_broad_2016,LUAD-S01409-Tumor,-1
nsclc_tcga_broad_2016,LUAD-S01407-Tumor,0
nsclc_tcga_broad_2016,LUAD-S01405-Tumor,0
nsclc_tcga_broad_2016,LUAD-S01404-Tumor,0
nsclc_tcga_broad_2016,LUAD-S01381-Tumor,-1
nsclc_tcga_broad_2016,LUAD-S01373-Tumor,0
nsclc_tcga_broad_2016,LUAD-S01362-Tumor,0
nsclc_tcga_broad_2016,LUAD-S01356-Tumor,0
nsclc_tcga_broad_2016,LUAD-S01354-Tumor,0
nsclc_tcga_broad_2016,LUAD-S01346-Tumor,0
nsclc_tcga_broad_2016,LUAD-S01345-Tumor,1
nsclc_tcga_broad_2016,LUAD-S01341-Tumor,-1
nsclc_tcga_broad_2016,LUAD-S01331-Tumor,0
nsclc_tcga_broad_2016,LUAD-S01320-Tumor,1
nsclc_tcga_broad_2016,LUAD-S01315-Tumor,1
nsclc_tcga_broad_2016,LUAD-S01306-Tumor,-1
nsclc_tcga_broad_2016,LUAD-S01304-Tumor,1
nsclc_tcga_broad_2016,LUAD-S01302-Tumor,-1
nsclc_tcga_broad_2016,LUAD-S00499-Tumor,-1
nsclc_tcga_broad_2016,LUAD-S00488-Tumor,0
nsclc_tcga_broad_2016,LUAD-S00486-Tumor,0
nsclc_tcga_broad_2016,LUAD-S00484-Tumor,0
nsclc_tcga_broad_2016,LUAD-RT-S01866-Tumor,0
nsclc_tcga_broad_2016,LUAD-RT-S01856-Tumor,0
nsclc_tcga_broad_2016,LUAD-RT-S01852-Tumor,0
nsclc_tcga_broad_2016,LUAD-RT-S01840-Tumor,-1
nsclc_tcga_broad_2016,LUAD-RT-S01832-Tumor,0
nsclc_tcga_broad_2016,LUAD-RT-S01831-Tumor,1
nsclc_tcga_broad_2016,LUAD-RT-S01818-Tumor,0
nsclc_tcga_broad_2016,LUAD-RT-S01813-Tumor,-1
nsclc_tcga_broad_2016,LUAD-RT-S01810-Tumor,1
nsclc_tcga_broad_2016,LUAD-RT-S01808-Tumor,0
nsclc_tcga_broad_2016,LUAD-RT-S01777-Tumor,1
nsclc_tcga_broad_2016,LUAD-RT-S01774-Tumor,0
nsclc_tcga_broad_2016,LUAD-RT-S01771-Tumor,0
nsclc_tcga_broad_2016,LUAD-RT-S01770-Tumor,-1
nsclc_tcga_broad_2016,LUAD-RT-S01769-Tumor,1
nsclc_tcga_broad_2016,LUAD-RT-S01721-Tumor,0
nsclc_tcga_broad_2016,LUAD-RT-S01711-Tumor,1
nsclc_tcga_broad_2016,LUAD-RT-S01709-Tumor,0
nsclc_tcga_broad_2016,LUAD-RT-S01707-Tumor,1
nsclc_tcga_broad_2016,LUAD-RT-S01703-Tumor,0
nsclc_tcga_broad_2016,LUAD-RT-S01702-Tumor,1
nsclc_tcga_broad_2016,LUAD-RT-S01700-Tumor,1
nsclc_tcga_broad_2016,LUAD-RT-S01699-Tumor,-1
nsclc_tcga_broad_2016,LUAD-RT-S01477-Tumor,0
nsclc_tcga_broad_2016,LUAD-RT-S01301-Tumor,0
nsclc_tcga_broad_2016,LUAD-RS5Q7-Tumor,1
nsclc_tcga_broad_2016,LUAD-QY22Z-Tumor,1
nsclc_tcga_broad_2016,LUAD-QJN9L-Tumor,1
nsclc_tcga_broad_2016,LUAD-NYU994-Tumor,0
nsclc_tcga_broad_2016,LUAD-NYU848-Tumor,0
nsclc_tcga_broad_2016,LUAD-NYU847-Tumor,1
nsclc_tcga_broad_2016,LUAD-NYU803-Tumor,0
nsclc_tcga_broad_2016,LUAD-NYU796-Tumor,1
nsclc_tcga_broad_2016,LUAD-NYU776-Tumor,-1
nsclc_tcga_broad_2016,LUAD-NYU739-Tumor,0
nsclc_tcga_broad_2016,LUAD-NYU704-Tumor,0
nsclc_tcga_broad_2016,LUAD-NYU689-Tumor,0
nsclc_tcga_broad_2016,LUAD-NYU605-Tumor,0
nsclc_tcga_broad_2016,LUAD-NYU592-Tumor,0
nsclc_tcga_broad_2016,LUAD-NYU575-Tumor,0
nsclc_tcga_broad_2016,LUAD-NYU330-Tumor,-1
nsclc_tcga_broad_2016,LUAD-NYU279-Tumor,0
nsclc_tcga_broad_2016,LUAD-NYU263-Tumor,0
nsclc_tcga_broad_2016,LUAD-NYU213-Tumor,0
nsclc_tcga_broad_2016,LUAD-NYU129-Tumor,0
nsclc_tcga_broad_2016,LUAD-NYU1177-Tumor,0
nsclc_tcga_broad_2016,LUAD-NYU1142-Tumor,1
nsclc_tcga_broad_2016,LUAD-NYU1128-Tumor,0
nsclc_tcga_broad_2016,LUAD-NYU1124-Tumor,0
nsclc_tcga_broad_2016,LUAD-NYU1027-Tumor,0
nsclc_tcga_broad_2016,LUAD-NYU1021-Tumor,0
nsclc_tcga_broad_2016,LUAD-LIP77-Tumor,0
nsclc_tcga_broad_2016,LUAD-LC15C-Tumor,0
nsclc_tcga_broad_2016,LUAD-GU4I3-Tumor,0
nsclc_tcga_broad_2016,LUAD-FH5PJ-Tumor,0
nsclc_tcga_broad_2016,LUAD-F00368-Tumor,-1
nsclc_tcga_broad_2016,LUAD-F00365-Tumor,0
nsclc_tcga_broad_2016,LUAD-F00282-Tumor,0
nsclc_tcga_broad_2016,LUAD-F00257-Tumor,-1
nsclc_tcga_broad_2016,LUAD-F00162-Tumor,0
nsclc_tcga_broad_2016,LUAD-F00134-Tumor,0
nsclc_tcga_broad_2016,LUAD-F00121-Tumor,0
nsclc_tcga_broad_2016,LUAD-F00089-Tumor,0
nsclc_tcga_broad_2016,LUAD-F00057-Tumor,0
nsclc_tcga_broad_2016,LUAD-F00018-Tumor,1
nsclc_tcga_broad_2016,LUAD-E01563-Tumor,0
nsclc_tcga_broad_2016,LUAD-E01317-Tumor,-1
nsclc_tcga_broad_2016,LUAD-E01278-Tumor,0
nsclc_tcga_broad_2016,LUAD-E01217-Tumor,0
nsclc_tcga_broad_2016,LUAD-E01014-Tumor,0
nsclc_tcga_broad_2016,LUAD-E00934-Tumor,1
nsclc_tcga_broad_2016,LUAD-E00918-Tumor,-1
nsclc_tcga_broad_2016,LUAD-E00443-Tumor,0
nsclc_tcga_broad_2016,LUAD-E00163-Tumor,0
nsclc_tcga_broad_2016,LUAD-D02326-Tumor,0
nsclc_tcga_broad_2016,LUAD-D02185-Tumor,1
nsclc_tcga_broad_2016,LUAD-D02085-Tumor,0
nsclc_tcga_broad_2016,LUAD-D01751-Tumor,0
nsclc_tcga_broad_2016,LUAD-D01603-Tumor,1
nsclc_tcga_broad_2016,LUAD-D01278-Tumor,1
nsclc_tcga_broad_2016,LUAD-D00147-Tumor,0
nsclc_tcga_broad_2016,LUAD-CHTN-Z4716A-Tumor,-1
nsclc_tcga_broad_2016,LUAD-CHTN-MAD08-00104-Tumor,0
nsclc_tcga_broad_2016,LUAD-CHTN-MAD06-00678-Tumor,1
nsclc_tcga_broad_2016,LUAD-CHTN-MAD06-00490-Tumor,0
nsclc_tcga_broad_2016,LUAD-CHTN-MAD04-00674-Tumor,-1
nsclc_tcga_broad_2016,LUAD-CHTN-4090680-Tumor,-1
nsclc_tcga_broad_2016,LUAD-CHTN-3090416-Tumor,0
nsclc_tcga_broad_2016,LUAD-CHTN-3090415-Tumor,1
nsclc_tcga_broad_2016,LUAD-CHTN-3090346-Tumor,-1
nsclc_tcga_broad_2016,LUAD-B02594-Tumor,0
nsclc_tcga_broad_2016,LUAD-B02515-Tumor,0
nsclc_tcga_broad_2016,LUAD-B02477-Tumor,0
nsclc_tcga_broad_2016,LUAD-B02077-Tumor,0
nsclc_tcga_broad_2016,LUAD-B02050-Tumor,1
nsclc_tcga_broad_2016,LUAD-B01970-Tumor,0
nsclc_tcga_broad_2016,LUAD-B01811-Tumor,2
nsclc_tcga_broad_2016,LUAD-B01246-Tumor,1
nsclc_tcga_broad_2016,LUAD-B01145-Tumor,0
nsclc_tcga_broad_2016,LUAD-B01102-Tumor,0
nsclc_tcga_broad_2016,LUAD-B01024-Tumor,1
nsclc_tcga_broad_2016,LUAD-B00915-Tumor,0
nsclc_tcga_broad_2016,LUAD-B00859-Tumor,0
nsclc_tcga_broad_2016,LUAD-B00631-Tumor,1
nsclc_tcga_broad_2016,LUAD-B00523-Tumor,0
nsclc_tcga_broad_2016,LUAD-B00416-Tumor,-1
nsclc_tcga_broad_2016,LUAD-B00390-Tumor,-1
nsclc_tcga_broad_2016,LUAD-AEIUF-Tumor,-1
nsclc_tcga_broad_2016,LUAD-74TBW-Tumor,-1
nsclc_tcga_broad_2016,LUAD-5V8LT-Tumor,0
nsclc_tcga_broad_2016,LUAD-5O6B5-Tumor,0
nsclc_tcga_broad_2016,LUAD-2GUGK-Tumor,0
nsclc_tcga_broad_2016,TCGA-XC-AA0X-01,-1
nsclc_tcga_broad_2016,TCGA-O2-A5IB-01,0
nsclc_tcga_broad_2016,TCGA-O2-A52W-01,-1
nsclc_tcga_broad_2016,TCGA-O2-A52V-01,-1
nsclc_tcga_broad_2016,TCGA-O2-A52S-01,0
nsclc_tcga_broad_2016,TCGA-O2-A52Q-01,-1
nsclc_tcga_broad_2016,TCGA-O2-A52N-01,1
nsclc_tcga_broad_2016,TCGA-NK-A7XE-01,1
nsclc_tcga_broad_2016,TCGA-NK-A5D1-01,-1
nsclc_tcga_broad_2016,TCGA-NK-A5CX-01,0
nsclc_tcga_broad_2016,TCGA-NK-A5CT-01,-1
nsclc_tcga_broad_2016,TCGA-NK-A5CR-01,-1
nsclc_tcga_broad_2016,TCGA-NC-A5HT-01,0
nsclc_tcga_broad_2016,TCGA-NC-A5HR-01,-1
nsclc_tcga_broad_2016,TCGA-NC-A5HQ-01,1
nsclc_tcga_broad_2016,TCGA-NC-A5HP-01,0
nsclc_tcga_broad_2016,TCGA-NC-A5HO-01,0
nsclc_tcga_broad_2016,TCGA-NC-A5HN-01,-1
nsclc_tcga_broad_2016,TCGA-NC-A5HM-01,1
nsclc_tcga_broad_2016,TCGA-NC-A5HL-01,-1
nsclc_tcga_broad_2016,TCGA-NC-A5HK-01,1
nsclc_tcga_broad_2016,TCGA-NC-A5HJ-01,-1
nsclc_tcga_broad_2016,TCGA-NC-A5HI-01,0
nsclc_tcga_broad_2016,TCGA-NC-A5HH-01,1
nsclc_tcga_broad_2016,TCGA-NC-A5HG-01,-1
nsclc_tcga_broad_2016,TCGA-NC-A5HF-01,0
nsclc_tcga_broad_2016,TCGA-NC-A5HE-01,1
nsclc_tcga_broad_2016,TCGA-NC-A5HD-01,-1
nsclc_tcga_broad_2016,TCGA-MF-A522-01,-1
nsclc_tcga_broad_2016,TCGA-77-8009-01,-1
nsclc_tcga_broad_2016,TCGA-77-8008-01,-1
nsclc_tcga_broad_2016,TCGA-77-8007-01,-1
nsclc_tcga_broad_2016,TCGA-90-7964-01,-1
nsclc_tcga_broad_2016,TCGA-85-7950-01,-1
nsclc_tcga_broad_2016,TCGA-94-7943-01,1
nsclc_tcga_broad_2016,TCGA-85-7844-01,0
nsclc_tcga_broad_2016,TCGA-85-7843-01,-1
nsclc_tcga_broad_2016,TCGA-56-7822-01,-1
nsclc_tcga_broad_2016,TCGA-52-7812-01,0
nsclc_tcga_broad_2016,TCGA-52-7810-01,1
nsclc_tcga_broad_2016,TCGA-52-7809-01,1
nsclc_tcga_broad_2016,TCGA-90-7769-01,0
nsclc_tcga_broad_2016,TCGA-90-7767-01,1
nsclc_tcga_broad_2016,TCGA-90-7766-01,0
nsclc_tcga_broad_2016,TCGA-68-7756-01,0
nsclc_tcga_broad_2016,TCGA-68-7755-01,1
nsclc_tcga_broad_2016,TCGA-56-7731-01,0
nsclc_tcga_broad_2016,TCGA-56-7730-01,1
nsclc_tcga_broad_2016,TCGA-85-7710-01,0
nsclc_tcga_broad_2016,TCGA-85-7699-01,-1
nsclc_tcga_broad_2016,TCGA-85-7698-01,0
nsclc_tcga_broad_2016,TCGA-85-7697-01,0
nsclc_tcga_broad_2016,TCGA-85-7696-01,-1
nsclc_tcga_broad_2016,TCGA-43-7658-01,1
nsclc_tcga_broad_2016,TCGA-43-7657-01,1
nsclc_tcga_broad_2016,TCGA-43-7656-01,0
nsclc_tcga_broad_2016,TCGA-52-7622-01,0
nsclc_tcga_broad_2016,TCGA-56-7582-01,0
nsclc_tcga_broad_2016,TCGA-56-7580-01,-1
nsclc_tcga_broad_2016,TCGA-56-7579-01,0
nsclc_tcga_broad_2016,TCGA-94-7557-01,0
nsclc_tcga_broad_2016,TCGA-96-7545-01,1
nsclc_tcga_broad_2016,TCGA-96-7544-01,-1
nsclc_tcga_broad_2016,TCGA-77-7465-01,-1
nsclc_tcga_broad_2016,TCGA-77-7463-01,1
nsclc_tcga_broad_2016,TCGA-98-7454-01,0
nsclc_tcga_broad_2016,TCGA-92-7341-01,0
nsclc_tcga_broad_2016,TCGA-77-7338-01,-1
nsclc_tcga_broad_2016,TCGA-77-7337-01,0
nsclc_tcga_broad_2016,TCGA-77-7335-01,0
nsclc_tcga_broad_2016,TCGA-56-7223-01,0
nsclc_tcga_broad_2016,TCGA-56-7222-01,-1
nsclc_tcga_broad_2016,TCGA-56-7221-01,1
nsclc_tcga_broad_2016,TCGA-77-7142-01,1
nsclc_tcga_broad_2016,TCGA-77-7141-01,-1
nsclc_tcga_broad_2016,TCGA-77-7140-01,1
nsclc_tcga_broad_2016,TCGA-77-7139-01,0
nsclc_tcga_broad_2016,TCGA-77-7138-01,1
nsclc_tcga_broad_2016,TCGA-51-6867-01,0
nsclc_tcga_broad_2016,TCGA-21-5783-01,1
nsclc_tcga_broad_2016,TCGA-43-5670-01,1
nsclc_tcga_broad_2016,TCGA-39-5040-01,0
nsclc_tcga_broad_2016,TCGA-22-4609-01,0
nsclc_tcga_broad_2016,TCGA-22-4605-01,0
nsclc_tcga_broad_2016,TCGA-33-4587-01,-1
nsclc_tcga_broad_2016,TCGA-60-2704-01,0
nsclc_tcga_broad_2016,TCGA-60-2703-01,0
nsclc_tcga_broad_2016,TCGA-60-2697-01,0
nsclc_tcga_broad_2016,TCGA-LA-A7SW-01,1
nsclc_tcga_broad_2016,TCGA-LA-A446-01,0
nsclc_tcga_broad_2016,TCGA-L3-A524-01,0
nsclc_tcga_broad_2016,TCGA-L3-A4E7-01,0
nsclc_tcga_broad_2016,TCGA-J1-A4AH-01,0
nsclc_tcga_broad_2016,TCGA-98-A53J-01,-1
nsclc_tcga_broad_2016,TCGA-98-A53I-01,0
nsclc_tcga_broad_2016,TCGA-98-A53C-01,0
nsclc_tcga_broad_2016,TCGA-98-A53B-01,1
nsclc_tcga_broad_2016,TCGA-98-A53A-01,1
nsclc_tcga_broad_2016,TCGA-98-A539-01,0
nsclc_tcga_broad_2016,TCGA-98-A538-01,-1
nsclc_tcga_broad_2016,TCGA-98-8023-01,0
nsclc_tcga_broad_2016,TCGA-98-8022-01,0
nsclc_tcga_broad_2016,TCGA-98-8021-01,0
nsclc_tcga_broad_2016,TCGA-98-8020-01,0
nsclc_tcga_broad_2016,TCGA-96-A4JL-01,0
nsclc_tcga_broad_2016,TCGA-96-A4JK-01,1
nsclc_tcga_broad_2016,TCGA-96-8170-01,0
nsclc_tcga_broad_2016,TCGA-96-8169-01,1
nsclc_tcga_broad_2016,TCGA-94-A5I6-01,0
nsclc_tcga_broad_2016,TCGA-94-A5I4-01,0
nsclc_tcga_broad_2016,TCGA-94-A4VJ-01,1
nsclc_tcga_broad_2016,TCGA-94-8491-01,0
nsclc_tcga_broad_2016,TCGA-94-8490-01,-1
nsclc_tcga_broad_2016,TCGA-94-8035-01,-1
nsclc_tcga_broad_2016,TCGA-94-7033-01,0
nsclc_tcga_broad_2016,TCGA-92-8065-01,0
nsclc_tcga_broad_2016,TCGA-92-8064-01,1
nsclc_tcga_broad_2016,TCGA-92-8063-01,0
nsclc_tcga_broad_2016,TCGA-90-A59Q-01,-1
nsclc_tcga_broad_2016,TCGA-90-A4EE-01,1
nsclc_tcga_broad_2016,TCGA-90-A4ED-01,0
nsclc_tcga_broad_2016,TCGA-90-6837-01,0
nsclc_tcga_broad_2016,TCGA-85-A5B5-01,-1
nsclc_tcga_broad_2016,TCGA-85-A53L-01,-1
nsclc_tcga_broad_2016,TCGA-85-A513-01,0
nsclc_tcga_broad_2016,TCGA-85-A512-01,0
nsclc_tcga_broad_2016,TCGA-85-A511-01,0
nsclc_tcga_broad_2016,TCGA-85-A510-01,-1
nsclc_tcga_broad_2016,TCGA-85-A50Z-01,0
nsclc_tcga_broad_2016,TCGA-85-A50M-01,1
nsclc_tcga_broad_2016,TCGA-85-A4QR-01,-1
nsclc_tcga_broad_2016,TCGA-85-A4QQ-01,-1
nsclc_tcga_broad_2016,TCGA-85-A4PA-01,0
nsclc_tcga_broad_2016,TCGA-85-A4JC-01,-1
nsclc_tcga_broad_2016,TCGA-85-A4JB-01,1
nsclc_tcga_broad_2016,TCGA-85-A4CN-01,1
nsclc_tcga_broad_2016,TCGA-85-A4CL-01,0
nsclc_tcga_broad_2016,TCGA-85-8666-01,0
nsclc_tcga_broad_2016,TCGA-85-8664-01,0
nsclc_tcga_broad_2016,TCGA-85-8584-01,0
nsclc_tcga_broad_2016,TCGA-85-8582-01,0
nsclc_tcga_broad_2016,TCGA-85-8580-01,0
nsclc_tcga_broad_2016,TCGA-85-8481-01,0
nsclc_tcga_broad_2016,TCGA-85-8479-01,-1
nsclc_tcga_broad_2016,TCGA-85-8355-01,0
nsclc_tcga_broad_2016,TCGA-85-8354-01,0
nsclc_tcga_broad_2016,TCGA-85-8353-01,-1
nsclc_tcga_broad_2016,TCGA-85-8352-01,-1
nsclc_tcga_broad_2016,TCGA-85-8351-01,0
nsclc_tcga_broad_2016,TCGA-85-8350-01,0
nsclc_tcga_broad_2016,TCGA-85-8288-01,-1
nsclc_tcga_broad_2016,TCGA-85-8287-01,0
nsclc_tcga_broad_2016,TCGA-85-8277-01,1
nsclc_tcga_broad_2016,TCGA-85-8276-01,1
nsclc_tcga_broad_2016,TCGA-85-8072-01,0
nsclc_tcga_broad_2016,TCGA-85-8071-01,0
nsclc_tcga_broad_2016,TCGA-85-8070-01,0
nsclc_tcga_broad_2016,TCGA-85-8052-01,0
nsclc_tcga_broad_2016,TCGA-85-8049-01,0
nsclc_tcga_broad_2016,TCGA-85-8048-01,0
nsclc_tcga_broad_2016,TCGA-85-6798-01,0
nsclc_tcga_broad_2016,TCGA-85-6561-01,-1
nsclc_tcga_broad_2016,TCGA-85-6560-01,1
nsclc_tcga_broad_2016,TCGA-85-6175-01,0
nsclc_tcga_broad_2016,TCGA-79-5596-01,0
nsclc_tcga_broad_2016,TCGA-77-A5GH-01,0
nsclc_tcga_broad_2016,TCGA-77-A5GF-01,-1
nsclc_tcga_broad_2016,TCGA-77-A5GB-01,1
nsclc_tcga_broad_2016,TCGA-77-A5GA-01,-1
nsclc_tcga_broad_2016,TCGA-77-A5G8-01,0
nsclc_tcga_broad_2016,TCGA-77-A5G7-01,1
nsclc_tcga_broad_2016,TCGA-77-A5G6-01,1
nsclc_tcga_broad_2016,TCGA-77-A5G3-01,1
nsclc_tcga_broad_2016,TCGA-77-A5G1-01,1
nsclc_tcga_broad_2016,TCGA-77-A5FZ-01,0
nsclc_tcga_broad_2016,TCGA-77-8156-01,0
nsclc_tcga_broad_2016,TCGA-77-8154-01,0
nsclc_tcga_broad_2016,TCGA-77-8153-01,1
nsclc_tcga_broad_2016,TCGA-77-8150-01,-1
nsclc_tcga_broad_2016,TCGA-77-8148-01,-1
nsclc_tcga_broad_2016,TCGA-77-8145-01,0
nsclc_tcga_broad_2016,TCGA-77-8144-01,1
nsclc_tcga_broad_2016,TCGA-77-8143-01,1
nsclc_tcga_broad_2016,TCGA-77-8140-01,0
nsclc_tcga_broad_2016,TCGA-77-8139-01,1
nsclc_tcga_broad_2016,TCGA-77-8138-01,-1
nsclc_tcga_broad_2016,TCGA-77-8136-01,0
nsclc_tcga_broad_2016,TCGA-77-8133-01,-1
nsclc_tcga_broad_2016,TCGA-77-8131-01,0
nsclc_tcga_broad_2016,TCGA-77-8130-01,0
nsclc_tcga_broad_2016,TCGA-77-8128-01,0
nsclc_tcga_broad_2016,TCGA-77-6845-01,1
nsclc_tcga_broad_2016,TCGA-77-6844-01,-1
nsclc_tcga_broad_2016,TCGA-77-6843-01,0
nsclc_tcga_broad_2016,TCGA-77-6842-01,1
nsclc_tcga_broad_2016,TCGA-70-6723-01,1
nsclc_tcga_broad_2016,TCGA-70-6722-01,0
nsclc_tcga_broad_2016,TCGA-6A-AB49-01,0
nsclc_tcga_broad_2016,TCGA-68-A59J-01,-1
nsclc_tcga_broad_2016,TCGA-68-8251-01,0
nsclc_tcga_broad_2016,TCGA-68-8250-01,-1
nsclc_tcga_broad_2016,TCGA-68-7757-01,0
nsclc_tcga_broad_2016,TCGA-66-2800-01,-1
nsclc_tcga_broad_2016,TCGA-66-2795-01,0
nsclc_tcga_broad_2016,TCGA-66-2794-01,0
nsclc_tcga_broad_2016,TCGA-66-2793-01,-1
nsclc_tcga_broad_2016,TCGA-66-2792-01,1
nsclc_tcga_broad_2016,TCGA-66-2791-01,1
nsclc_tcga_broad_2016,TCGA-66-2789-01,-1
nsclc_tcga_broad_2016,TCGA-66-2788-01,0
nsclc_tcga_broad_2016,TCGA-66-2787-01,-1
nsclc_tcga_broad_2016,TCGA-66-2786-01,1
nsclc_tcga_broad_2016,TCGA-66-2785-01,1
nsclc_tcga_broad_2016,TCGA-66-2783-01,0
nsclc_tcga_broad_2016,TCGA-66-2782-01,-1
nsclc_tcga_broad_2016,TCGA-66-2781-01,1
nsclc_tcga_broad_2016,TCGA-66-2780-01,0
nsclc_tcga_broad_2016,TCGA-66-2778-01,0
nsclc_tcga_broad_2016,TCGA-66-2777-01,1
nsclc_tcga_broad_2016,TCGA-66-2773-01,0
nsclc_tcga_broad_2016,TCGA-66-2771-01,1
nsclc_tcga_broad_2016,TCGA-66-2770-01,1
nsclc_tcga_broad_2016,TCGA-66-2769-01,0
nsclc_tcga_broad_2016,TCGA-66-2767-01,1
nsclc_tcga_broad_2016,TCGA-66-2766-01,1
nsclc_tcga_broad_2016,TCGA-66-2765-01,1
nsclc_tcga_broad_2016,TCGA-66-2763-01,0
nsclc_tcga_broad_2016,TCGA-66-2759-01,-1
nsclc_tcga_broad_2016,TCGA-66-2758-01,-1
nsclc_tcga_broad_2016,TCGA-66-2757-01,0
nsclc_tcga_broad_2016,TCGA-66-2756-01,1
nsclc_tcga_broad_2016,TCGA-66-2755-01,0
nsclc_tcga_broad_2016,TCGA-66-2754-01,0
nsclc_tcga_broad_2016,TCGA-66-2744-01,1
nsclc_tcga_broad_2016,TCGA-66-2742-01,-1
nsclc_tcga_broad_2016,TCGA-66-2734-01,1
nsclc_tcga_broad_2016,TCGA-66-2727-01,0
nsclc_tcga_broad_2016,TCGA-63-A5MY-01,0
nsclc_tcga_broad_2016,TCGA-63-A5MW-01,1
nsclc_tcga_broad_2016,TCGA-63-A5MV-01,1
nsclc_tcga_broad_2016,TCGA-63-A5MU-01,0
nsclc_tcga_broad_2016,TCGA-63-A5MT-01,0
nsclc_tcga_broad_2016,TCGA-63-A5MS-01,0
nsclc_tcga_broad_2016,TCGA-63-A5MR-01,0
nsclc_tcga_broad_2016,TCGA-63-A5MP-01,0
nsclc_tcga_broad_2016,TCGA-63-A5MN-01,0
nsclc_tcga_broad_2016,TCGA-63-A5MM-01,0
nsclc_tcga_broad_2016,TCGA-63-A5ML-01,1
nsclc_tcga_broad_2016,TCGA-63-A5MJ-01,-1
nsclc_tcga_broad_2016,TCGA-63-A5MI-01,1
nsclc_tcga_broad_2016,TCGA-63-A5MH-01,-1
nsclc_tcga_broad_2016,TCGA-63-A5MG-01,0
nsclc_tcga_broad_2016,TCGA-63-A5MB-01,0
nsclc_tcga_broad_2016,TCGA-63-A5M9-01,1
nsclc_tcga_broad_2016,TCGA-63-7023-01,0
nsclc_tcga_broad_2016,TCGA-63-7022-01,0
nsclc_tcga_broad_2016,TCGA-63-7021-01,0
nsclc_tcga_broad_2016,TCGA-63-7020-01,1
nsclc_tcga_broad_2016,TCGA-63-6202-01,0
nsclc_tcga_broad_2016,TCGA-63-5131-01,1
nsclc_tcga_broad_2016,TCGA-63-5128-01,0
nsclc_tcga_broad_2016,TCGA-60-2726-01,2
nsclc_tcga_broad_2016,TCGA-60-2725-01,0
nsclc_tcga_broad_2016,TCGA-60-2724-01,-1
nsclc_tcga_broad_2016,TCGA-60-2723-01,0
nsclc_tcga_broad_2016,TCGA-60-2722-01,-1
nsclc_tcga_broad_2016,TCGA-60-2721-01,0
nsclc_tcga_broad_2016,TCGA-60-2720-01,1
nsclc_tcga_broad_2016,TCGA-60-2719-01,1
nsclc_tcga_broad_2016,TCGA-60-2716-01,0
nsclc_tcga_broad_2016,TCGA-60-2715-01,0
nsclc_tcga_broad_2016,TCGA-60-2714-01,-1
nsclc_tcga_broad_2016,TCGA-60-2713-01,0
nsclc_tcga_broad_2016,TCGA-60-2712-01,-1
nsclc_tcga_broad_2016,TCGA-60-2711-01,0
nsclc_tcga_broad_2016,TCGA-60-2710-01,0
nsclc_tcga_broad_2016,TCGA-60-2709-01,0
nsclc_tcga_broad_2016,TCGA-60-2708-01,0
nsclc_tcga_broad_2016,TCGA-60-2707-01,0
nsclc_tcga_broad_2016,TCGA-60-2698-01,-1
nsclc_tcga_broad_2016,TCGA-60-2695-01,-1
nsclc_tcga_broad_2016,TCGA-58-A46N-01,0
nsclc_tcga_broad_2016,TCGA-58-A46M-01,0
nsclc_tcga_broad_2016,TCGA-58-A46L-01,0
nsclc_tcga_broad_2016,TCGA-58-A46K-01,0
nsclc_tcga_broad_2016,TCGA-58-A46J-01,0
nsclc_tcga_broad_2016,TCGA-58-8393-01,0
nsclc_tcga_broad_2016,TCGA-58-8392-01,1
nsclc_tcga_broad_2016,TCGA-58-8391-01,0
nsclc_tcga_broad_2016,TCGA-58-8390-01,-1
nsclc_tcga_broad_2016,TCGA-58-8388-01,0
nsclc_tcga_broad_2016,TCGA-58-8387-01,0
nsclc_tcga_broad_2016,TCGA-58-8386-01,0
nsclc_tcga_broad_2016,TCGA-56-A62T-01,-1
nsclc_tcga_broad_2016,TCGA-56-A5DS-01,0
nsclc_tcga_broad_2016,TCGA-56-A5DR-01,-1
nsclc_tcga_broad_2016,TCGA-56-A4ZK-01,-1
nsclc_tcga_broad_2016,TCGA-56-A4ZJ-01,-1
nsclc_tcga_broad_2016,TCGA-56-A4BY-01,0
nsclc_tcga_broad_2016,TCGA-56-A4BX-01,1
nsclc_tcga_broad_2016,TCGA-56-A4BW-01,-1
nsclc_tcga_broad_2016,TCGA-56-A49D-01,1
nsclc_tcga_broad_2016,TCGA-56-8629-01,-1
nsclc_tcga_broad_2016,TCGA-56-8628-01,-1
nsclc_tcga_broad_2016,TCGA-56-8626-01,0
nsclc_tcga_broad_2016,TCGA-56-8625-01,0
nsclc_tcga_broad_2016,TCGA-56-8624-01,-1
nsclc_tcga_broad_2016,TCGA-56-8622-01,0
nsclc_tcga_broad_2016,TCGA-56-8504-01,1
nsclc_tcga_broad_2016,TCGA-56-8309-01,0
nsclc_tcga_broad_2016,TCGA-56-8308-01,1
nsclc_tcga_broad_2016,TCGA-56-8307-01,0
nsclc_tcga_broad_2016,TCGA-56-8305-01,1
nsclc_tcga_broad_2016,TCGA-56-8304-01,0
nsclc_tcga_broad_2016,TCGA-56-8201-01,0
nsclc_tcga_broad_2016,TCGA-56-8083-01,0
nsclc_tcga_broad_2016,TCGA-56-8082-01,0
nsclc_tcga_broad_2016,TCGA-56-7823-01,0
nsclc_tcga_broad_2016,TCGA-56-6546-01,0
nsclc_tcga_broad_2016,TCGA-56-6545-01,-1
nsclc_tcga_broad_2016,TCGA-56-5898-01,1
nsclc_tcga_broad_2016,TCGA-56-5897-01,0
nsclc_tcga_broad_2016,TCGA-56-1622-01,1
nsclc_tcga_broad_2016,TCGA-51-4081-01,0
nsclc_tcga_broad_2016,TCGA-51-4080-01,0
nsclc_tcga_broad_2016,TCGA-51-4079-01,-1
nsclc_tcga_broad_2016,TCGA-46-6026-01,1
nsclc_tcga_broad_2016,TCGA-46-6025-01,1
nsclc_tcga_broad_2016,TCGA-46-3769-01,1
nsclc_tcga_broad_2016,TCGA-46-3768-01,-1
nsclc_tcga_broad_2016,TCGA-46-3767-01,0
nsclc_tcga_broad_2016,TCGA-46-3766-01,1
nsclc_tcga_broad_2016,TCGA-46-3765-01,0
nsclc_tcga_broad_2016,TCGA-43-A56V-01,-1
nsclc_tcga_broad_2016,TCGA-43-A56U-01,0
nsclc_tcga_broad_2016,TCGA-43-A475-01,0
nsclc_tcga_broad_2016,TCGA-43-A474-01,1
nsclc_tcga_broad_2016,TCGA-43-8118-01,0
nsclc_tcga_broad_2016,TCGA-43-8116-01,0
nsclc_tcga_broad_2016,TCGA-43-8115-01,0
nsclc_tcga_broad_2016,TCGA-43-6773-01,0
nsclc_tcga_broad_2016,TCGA-43-6771-01,2
nsclc_tcga_broad_2016,TCGA-43-6770-01,0
nsclc_tcga_broad_2016,TCGA-43-6647-01,0
nsclc_tcga_broad_2016,TCGA-43-6143-01,-1
nsclc_tcga_broad_2016,TCGA-43-5668-01,1
nsclc_tcga_broad_2016,TCGA-43-3920-01,-1
nsclc_tcga_broad_2016,TCGA-43-3394-01,0
nsclc_tcga_broad_2016,TCGA-43-2581-01,-1
nsclc_tcga_broad_2016,TCGA-43-2578-01,1
nsclc_tcga_broad_2016,TCGA-43-2576-01,0
nsclc_tcga_broad_2016,TCGA-39-5039-01,0
nsclc_tcga_broad_2016,TCGA-39-5037-01,0
nsclc_tcga_broad_2016,TCGA-39-5036-01,1
nsclc_tcga_broad_2016,TCGA-39-5035-01,0
nsclc_tcga_broad_2016,TCGA-39-5034-01,1
nsclc_tcga_broad_2016,TCGA-39-5031-01,-1
nsclc_tcga_broad_2016,TCGA-39-5030-01,0
nsclc_tcga_broad_2016,TCGA-39-5029-01,0
nsclc_tcga_broad_2016,TCGA-39-5028-01,0
nsclc_tcga_broad_2016,TCGA-39-5027-01,-1
nsclc_tcga_broad_2016,TCGA-39-5024-01,0
nsclc_tcga_broad_2016,TCGA-39-5022-01,-1
nsclc_tcga_broad_2016,TCGA-39-5021-01,-1
nsclc_tcga_broad_2016,TCGA-39-5019-01,-1
nsclc_tcga_broad_2016,TCGA-39-5016-01,-1
nsclc_tcga_broad_2016,TCGA-39-5011-01,1
nsclc_tcga_broad_2016,TCGA-37-A5EN-01,0
nsclc_tcga_broad_2016,TCGA-37-A5EM-01,0
nsclc_tcga_broad_2016,TCGA-37-A5EL-01,0
nsclc_tcga_broad_2016,TCGA-37-5819-01,0
nsclc_tcga_broad_2016,TCGA-37-4141-01,-1
nsclc_tcga_broad_2016,TCGA-37-4135-01,-1
nsclc_tcga_broad_2016,TCGA-37-4133-01,0
nsclc_tcga_broad_2016,TCGA-37-4132-01,-1
nsclc_tcga_broad_2016,TCGA-37-4129-01,0
nsclc_tcga_broad_2016,TCGA-37-3792-01,1
nsclc_tcga_broad_2016,TCGA-37-3789-01,-1
nsclc_tcga_broad_2016,TCGA-37-3783-01,0
nsclc_tcga_broad_2016,TCGA-34-A5IX-01,0
nsclc_tcga_broad_2016,TCGA-34-8456-01,1
nsclc_tcga_broad_2016,TCGA-34-8455-01,0
nsclc_tcga_broad_2016,TCGA-34-8454-01,0
nsclc_tcga_broad_2016,TCGA-34-7107-01,0
nsclc_tcga_broad_2016,TCGA-34-5929-01,0
nsclc_tcga_broad_2016,TCGA-34-5928-01,0
nsclc_tcga_broad_2016,TCGA-34-5927-01,0
nsclc_tcga_broad_2016,TCGA-34-5240-01,0
nsclc_tcga_broad_2016,TCGA-34-5239-01,1
nsclc_tcga_broad_2016,TCGA-34-5236-01,-1
nsclc_tcga_broad_2016,TCGA-34-5234-01,0
nsclc_tcga_broad_2016,TCGA-34-5232-01,-1
nsclc_tcga_broad_2016,TCGA-34-5231-01,-1
nsclc_tcga_broad_2016,TCGA-34-2609-01,0
nsclc_tcga_broad_2016,TCGA-34-2608-01,0
nsclc_tcga_broad_2016,TCGA-34-2605-01,-1
nsclc_tcga_broad_2016,TCGA-34-2604-01,0
nsclc_tcga_broad_2016,TCGA-34-2600-01,-1
nsclc_tcga_broad_2016,TCGA-34-2596-01,0
nsclc_tcga_broad_2016,TCGA-33-AASL-01,0
nsclc_tcga_broad_2016,TCGA-33-AASJ-01,0
nsclc_tcga_broad_2016,TCGA-33-AASI-01,1
nsclc_tcga_broad_2016,TCGA-33-AASD-01,0
nsclc_tcga_broad_2016,TCGA-33-AASB-01,-1
nsclc_tcga_broad_2016,TCGA-33-AAS8-01,0
nsclc_tcga_broad_2016,TCGA-33-A5GW-01,0
nsclc_tcga_broad_2016,TCGA-33-A4WN-01,0
nsclc_tcga_broad_2016,TCGA-33-6738-01,0
nsclc_tcga_broad_2016,TCGA-33-6737-01,1
nsclc_tcga_broad_2016,TCGA-33-4589-01,0
nsclc_tcga_broad_2016,TCGA-33-4586-01,0
nsclc_tcga_broad_2016,TCGA-33-4583-01,1
nsclc_tcga_broad_2016,TCGA-33-4582-01,0
nsclc_tcga_broad_2016,TCGA-33-4566-01,1
nsclc_tcga_broad_2016,TCGA-33-4547-01,1
nsclc_tcga_broad_2016,TCGA-33-4538-01,0
nsclc_tcga_broad_2016,TCGA-33-4533-01,0
nsclc_tcga_broad_2016,TCGA-33-4532-01,0
nsclc_tcga_broad_2016,TCGA-22-5492-01,0
nsclc_tcga_broad_2016,TCGA-22-5491-01,1
nsclc_tcga_broad_2016,TCGA-22-5489-01,0
nsclc_tcga_broad_2016,TCGA-22-5485-01,0
nsclc_tcga_broad_2016,TCGA-22-5483-01,0
nsclc_tcga_broad_2016,TCGA-22-5482-01,0
nsclc_tcga_broad_2016,TCGA-22-5481-01,-1
nsclc_tcga_broad_2016,TCGA-22-5480-01,0
nsclc_tcga_broad_2016,TCGA-22-5479-01,0
nsclc_tcga_broad_2016,TCGA-22-5478-01,-1
nsclc_tcga_broad_2016,TCGA-22-5477-01,-1
nsclc_tcga_broad_2016,TCGA-22-5474-01,0
nsclc_tcga_broad_2016,TCGA-22-5473-01,-1
nsclc_tcga_broad_2016,TCGA-22-5472-01,0
nsclc_tcga_broad_2016,TCGA-22-5471-01,2
nsclc_tcga_broad_2016,TCGA-22-4613-01,0
nsclc_tcga_broad_2016,TCGA-22-4607-01,0
nsclc_tcga_broad_2016,TCGA-22-4604-01,0
nsclc_tcga_broad_2016,TCGA-22-4601-01,-1
nsclc_tcga_broad_2016,TCGA-22-4599-01,0
nsclc_tcga_broad_2016,TCGA-22-4596-01,0
nsclc_tcga_broad_2016,TCGA-22-4595-01,1
nsclc_tcga_broad_2016,TCGA-22-4594-01,1
nsclc_tcga_broad_2016,TCGA-22-4593-01,-1
nsclc_tcga_broad_2016,TCGA-22-4591-01,1
nsclc_tcga_broad_2016,TCGA-22-1016-01,0
nsclc_tcga_broad_2016,TCGA-22-1012-01,1
nsclc_tcga_broad_2016,TCGA-22-1011-01,0
nsclc_tcga_broad_2016,TCGA-22-1005-01,0
nsclc_tcga_broad_2016,TCGA-22-1002-01,0
nsclc_tcga_broad_2016,TCGA-22-1000-01,0
nsclc_tcga_broad_2016,TCGA-22-0944-01,0
nsclc_tcga_broad_2016,TCGA-22-0940-01,0
nsclc_tcga_broad_2016,TCGA-21-A5DI-01,0
nsclc_tcga_broad_2016,TCGA-21-5787-01,1
nsclc_tcga_broad_2016,TCGA-21-5786-01,1
nsclc_tcga_broad_2016,TCGA-21-5784-01,0
nsclc_tcga_broad_2016,TCGA-21-5782-01,-1
nsclc_tcga_broad_2016,TCGA-21-1083-01,-1
nsclc_tcga_broad_2016,TCGA-21-1082-01,-1
nsclc_tcga_broad_2016,TCGA-21-1081-01,0
nsclc_tcga_broad_2016,TCGA-21-1079-01,1
nsclc_tcga_broad_2016,TCGA-21-1078-01,0
nsclc_tcga_broad_2016,TCGA-21-1077-01,0
nsclc_tcga_broad_2016,TCGA-21-1076-01,-1
nsclc_tcga_broad_2016,TCGA-21-1075-01,0
nsclc_tcga_broad_2016,TCGA-21-1071-01,-1
nsclc_tcga_broad_2016,TCGA-21-1070-01,1
nsclc_tcga_broad_2016,TCGA-18-5595-01,0
nsclc_tcga_broad_2016,TCGA-18-5592-01,0
nsclc_tcga_broad_2016,TCGA-18-4721-01,0
nsclc_tcga_broad_2016,TCGA-18-4086-01,0
nsclc_tcga_broad_2016,TCGA-18-4083-01,0
nsclc_tcga_broad_2016,TCGA-18-3421-01,0
nsclc_tcga_broad_2016,TCGA-18-3419-01,0
nsclc_tcga_broad_2016,TCGA-18-3417-01,-1
nsclc_tcga_broad_2016,TCGA-18-3416-01,0
nsclc_tcga_broad_2016,TCGA-18-3415-01,0
nsclc_tcga_broad_2016,TCGA-18-3414-01,-1
nsclc_tcga_broad_2016,TCGA-18-3412-01,-1
nsclc_tcga_broad_2016,TCGA-18-3411-01,0
nsclc_tcga_broad_2016,TCGA-18-3410-01,1
nsclc_tcga_broad_2016,TCGA-18-3409-01,-1
nsclc_tcga_broad_2016,TCGA-18-3408-01,0
nsclc_tcga_broad_2016,TCGA-18-3407-01,0
nsclc_tcga_broad_2016,TCGA-18-3406-01,-1
nsclc_tcga_broad_2016,TCGA-S2-AA1A-01,1
nsclc_tcga_broad_2016,TCGA-O1-A52J-01,1
nsclc_tcga_broad_2016,TCGA-NJ-A7XG-01,0
nsclc_tcga_broad_2016,TCGA-NJ-A55R-01,0
nsclc_tcga_broad_2016,TCGA-NJ-A55O-01,0
nsclc_tcga_broad_2016,TCGA-NJ-A55A-01,0